mondayDate,openMonday,fridayDate,closeFriday,nextFridayDate,closeNextFriday,monthLaterFridayDate,closeMonthLaterFriday,screenshot
2023-09-11,,2023-09-15,174.89,2023-09-22,174.86,2023-10-13,181.02,AAPL_2023-09-11_2023-09-15.png
2023-09-18,,2023-09-22,174.86,2023-09-29,172.76,2023-10-20,175.07,AAPL_2023-09-18_2023-09-22.png
2023-09-25,,2023-09-29,172.76,2023-10-06,173.64,2023-10-27,168.39,AAPL_2023-09-25_2023-09-29.png
2023-10-02,,2023-10-06,173.64,2023-10-13,181.02,2023-11-03,175.09,AAPL_2023-10-02_2023-10-06.png
2023-10-09,,2023-10-13,181.02,2023-10-20,175.07,2023-11-10,183.3,AAPL_2023-10-09_2023-10-13.png
2023-10-16,,2023-10-20,175.07,2023-10-27,168.39,2023-11-17,190,AAPL_2023-10-16_2023-10-20.png
2023-10-23,,2023-10-27,168.39,2023-11-03,175.09,2023-11-24,190.65,AAPL_2023-10-23_2023-10-27.png
2023-10-30,,2023-11-03,175.09,2023-11-10,183.3,2023-12-01,189.61,AAPL_2023-10-30_2023-11-03.png
2023-11-06,,2023-11-10,183.3,2023-11-17,190,2023-12-08,194.26,AAPL_2023-11-06_2023-11-10.png
2023-11-13,,2023-11-17,190,2023-11-24,190.65,2023-12-15,198.37,AAPL_2023-11-13_2023-11-17.png
2023-11-20,,2023-11-24,190.65,2023-12-01,189.61,2023-12-22,195.25,AAPL_2023-11-20_2023-11-24.png
2023-11-27,,2023-12-01,189.61,2023-12-08,194.26,2023-12-29,193.95,AAPL_2023-11-27_2023-12-01.png
2023-12-04,,2023-12-08,194.26,2023-12-15,198.37,2024-01-05,181.33,AAPL_2023-12-04_2023-12-08.png
2023-12-11,,2023-12-15,198.37,2023-12-22,195.25,2024-01-12,185.5899,AAPL_2023-12-11_2023-12-15.png
2023-12-18,,2023-12-22,195.25,2023-12-29,193.95,2024-01-19,188.88,AAPL_2023-12-18_2023-12-22.png
2024-01-08,,2024-01-12,185.5899,2024-01-19,188.88,2024-02-09,188.7371,AAPL_2024-01-08_2024-01-12.png
2024-01-22,,2024-01-26,194.12,2024-02-02,180.45,2024-02-23,184.4797,AAPL_2024-01-22_2024-01-26.png
2024-01-29,,2024-02-02,180.45,2024-02-09,188.7371,2024-03-01,179.53,AAPL_2024-01-29_2024-02-02.png
2024-02-05,,2024-02-09,188.7371,2024-02-16,183.0497,2024-03-08,170.2,AAPL_2024-02-05_2024-02-09.png
2024-02-12,,2024-02-16,183.0497,2024-02-23,184.4797,2024-03-15,171.19,AAPL_2024-02-12_2024-02-16.png
2024-02-26,,2024-03-01,179.53,2024-03-08,170.2,2024-03-29,,AAPL_2024-02-26_2024-03-01.png
2024-03-04,,2024-03-08,170.2,2024-03-15,171.19,2024-04-05,169.52,AAPL_2024-03-04_2024-03-08.png
2024-03-11,,2024-03-15,171.19,2024-03-22,171.67,2024-04-12,177.385,AAPL_2024-03-11_2024-03-15.png
2024-03-18,,2024-03-22,171.67,2024-03-29,,2024-04-19,165.37,AAPL_2024-03-18_2024-03-22.png
2024-04-01,,2024-04-05,169.52,2024-04-12,177.385,2024-05-03,183.485,AAPL_2024-04-01_2024-04-05.png
2024-04-08,,2024-04-12,177.385,2024-04-19,165.37,2024-05-10,183.78,AAPL_2024-04-08_2024-04-12.png
2024-04-15,,2024-04-19,165.37,2024-04-26,170.4801,2024-05-17,190.34,AAPL_2024-04-15_2024-04-19.png
2024-04-22,,2024-04-26,170.4801,2024-05-03,183.485,2024-05-24,188.921,AAPL_2024-04-22_2024-04-26.png
2024-04-29,,2024-05-03,183.485,2024-05-10,183.78,2024-05-31,191.8899,AAPL_2024-04-29_2024-05-03.png
2024-05-06,,2024-05-10,183.78,2024-05-17,190.34,2024-06-07,194.805,AAPL_2024-05-06_2024-05-10.png
2024-05-13,,2024-05-17,190.34,2024-05-24,188.921,2024-06-14,213.34,AAPL_2024-05-13_2024-05-17.png
2024-05-20,,2024-05-24,188.921,2024-05-31,191.8899,2024-06-21,210,AAPL_2024-05-20_2024-05-24.png
2024-06-03,,2024-06-07,194.805,2024-06-14,213.34,2024-07-05,224.4482,AAPL_2024-06-03_2024-06-07.png
2024-06-10,,2024-06-14,213.34,2024-06-21,210,2024-07-12,230.8498,AAPL_2024-06-10_2024-06-14.png
2024-06-24,,2024-06-28,214.995,2024-07-05,224.4482,2024-07-26,216.68,AAPL_2024-06-24_2024-06-28.png
2024-07-08,,2024-07-12,230.8498,2024-07-19,225.77,2024-08-09,213.1749,AAPL_2024-07-08_2024-07-12.png
2024-07-15,,2024-07-19,225.77,2024-07-26,216.68,2024-08-16,224.54,AAPL_2024-07-15_2024-07-19.png
2024-07-22,,2024-07-26,216.68,2024-08-02,223.1,2024-08-23,227.475,AAPL_2024-07-22_2024-07-26.png
2024-07-29,,2024-08-02,223.1,2024-08-09,213.1749,2024-08-30,229.04,AAPL_2024-07-29_2024-08-02.png
2024-08-05,,2024-08-09,213.1749,2024-08-16,224.54,2024-09-06,224.325,AAPL_2024-08-05_2024-08-09.png
2024-08-12,,2024-08-16,224.54,2024-08-23,227.475,2024-09-13,223.155,AAPL_2024-08-12_2024-08-16.png
2024-08-19,,2024-08-23,227.475,2024-08-30,229.04,2024-09-20,230.04,AAPL_2024-08-19_2024-08-23.png
2024-08-26,,2024-08-30,229.04,2024-09-06,224.325,2024-09-27,229.115,AAPL_2024-08-26_2024-08-30.png
2024-09-09,,2024-09-13,223.155,2024-09-20,230.04,2024-10-11,227.95,AAPL_2024-09-09_2024-09-13.png
2024-09-16,,2024-09-20,230.04,2024-09-27,229.115,2024-10-18,235.5,AAPL_2024-09-16_2024-09-20.png
2024-09-23,,2024-09-27,229.115,2024-10-04,225.5699,2024-10-25,232.275,AAPL_2024-09-23_2024-09-27.png
2024-09-30,,2024-10-04,225.5699,2024-10-11,227.95,2024-11-01,224.01,AAPL_2024-09-30_2024-10-04.png
2024-10-07,,2024-10-11,227.95,2024-10-18,235.5,2024-11-08,227.41,AAPL_2024-10-07_2024-10-11.png
2024-10-14,,2024-10-18,235.5,2024-10-25,232.275,2024-11-15,225.92,AAPL_2024-10-14_2024-10-18.png
2024-10-21,,2024-10-25,232.275,2024-11-01,224.01,2024-11-22,228.6299,AAPL_2024-10-21_2024-10-25.png
2024-10-28,,2024-11-01,224.01,2024-11-08,227.41,2024-11-29,234.62,AAPL_2024-10-28_2024-11-01.png
2024-11-04,,2024-11-08,227.41,2024-11-15,225.92,2024-12-06,243,AAPL_2024-11-04_2024-11-08.png
2024-11-11,,2024-11-15,225.92,2024-11-22,228.6299,2024-12-13,248.65,AAPL_2024-11-11_2024-11-15.png
2024-11-18,,2024-11-22,228.6299,2024-11-29,234.62,2024-12-20,247.5,AAPL_2024-11-18_2024-11-22.png
2024-11-25,,2024-11-29,234.62,2024-12-06,243,2024-12-27,258.5,AAPL_2024-11-25_2024-11-29.png
2024-12-02,,2024-12-06,243,2024-12-13,248.65,2025-01-03,242.88,AAPL_2024-12-02_2024-12-06.png
2024-12-09,,2024-12-13,248.65,2024-12-20,247.5,2025-01-10,241.16,AAPL_2024-12-09_2024-12-13.png
2024-12-16,,2024-12-20,247.5,2024-12-27,258.5,2025-01-17,231.25,AAPL_2024-12-16_2024-12-20.png
2024-12-30,,2025-01-03,242.88,2025-01-10,241.16,2025-01-31,247,AAPL_2024-12-30_2025-01-03.png
2025-01-06,,2025-01-10,241.16,2025-01-17,231.25,2025-02-07,232.4972,AAPL_2025-01-06_2025-01-10.png
2025-01-13,,2025-01-17,231.25,2025-01-24,226.05,2025-02-14,240.84,AAPL_2025-01-13_2025-01-17.png
2025-01-27,,2025-01-31,247,2025-02-07,232.4972,2025-02-28,236.7,AAPL_2025-01-27_2025-01-31.png
2025-02-03,,2025-02-07,232.4972,2025-02-14,240.84,2025-03-07,234.6535,AAPL_2025-02-03_2025-02-07.png
2025-02-10,,2025-02-14,240.84,2025-02-21,246.01,2025-03-14,211.57,AAPL_2025-02-10_2025-02-14.png
2025-02-24,,2025-02-28,236.7,2025-03-07,234.6535,2025-03-28,223.298,AAPL_2025-02-24_2025-02-28.png
2025-03-03,,2025-03-07,234.6535,2025-03-14,211.57,2025-04-04,,AAPL_2025-03-03_2025-03-07.png
2025-03-10,,2025-03-14,211.57,2025-03-21,213.99,2025-04-11,,AAPL_2025-03-10_2025-03-14.png
2025-03-17,,2025-03-21,213.99,2025-03-28,223.298,2025-04-18,,AAPL_2025-03-17_2025-03-21.png
2025-03-24,,2025-03-28,223.298,2025-04-04,,2025-04-25,,AAPL_2025-03-24_2025-03-28.png