mondayDate,openMonday,fridayDate,closeFriday,nextFridayDate,closeNextFriday,fourWeeksFridayDate,closeFourWeeksFriday,screenshot
2023-09-11,562.25,2023-09-11,560,2023-09-18,530,2023-10-09,522.23,ASELS_2023-09-11_2023-09-11.png
2023-09-18,530,2023-09-18,530,2023-09-25,513.6,2023-10-16,547,ASELS_2023-09-18_2023-09-18.png
2023-09-25,513.6,2023-09-25,513.6,2023-10-02,511.5,2023-10-23,535,ASELS_2023-09-25_2023-09-25.png
2023-10-02,511.5,2023-10-02,511.5,2023-10-09,522.23,2023-10-30,512.28,ASELS_2023-10-02_2023-10-02.png
2023-10-09,522.23,2023-10-09,522.23,2023-10-16,547,2023-11-06,565.7,ASELS_2023-10-09_2023-10-09.png
2023-10-16,547,2023-10-16,547,2023-10-23,535,2023-11-13,597,ASELS_2023-10-16_2023-10-16.png
2023-10-23,535,2023-10-23,535,2023-10-30,512.28,2023-11-20,604.84,ASELS_2023-10-23_2023-10-23.png
2023-10-30,512.28,2023-10-30,512.28,2023-11-06,565.7,2023-11-27,618,ASELS_2023-10-30_2023-10-30.png
2023-11-06,565.7,2023-11-06,565.7,2023-11-13,597,2023-12-04,610.95,ASELS_2023-11-06_2023-11-06.png
2023-11-13,597,2023-11-13,597,2023-11-20,604.84,2023-12-11,612.49,ASELS_2023-11-13_2023-11-13.png
2023-11-20,604.84,2023-11-20,604.84,2023-11-27,618,2023-12-18,585,ASELS_2023-11-20_2023-11-20.png
2023-11-27,618,2023-11-27,618,2023-12-04,610.95,2023-12-25,,ASELS_2023-11-27_2023-11-27.png
2023-12-04,610.97,2023-12-04,610.95,2023-12-11,612.49,2024-01-01,,ASELS_2023-12-04_2023-12-04.png
2023-12-11,612.49,2023-12-11,612.49,2023-12-18,585,2024-01-08,564.6,ASELS_2023-12-11_2023-12-11.png
2023-12-18,585,2023-12-18,585,2023-12-25,,2024-01-15,,ASELS_2023-12-18_2023-12-18.png
2024-01-08,564.6,2024-01-08,564.6,2024-01-15,,2024-02-05,633.8,ASELS_2024-01-08_2024-01-08.png
2024-01-22,615.15,2024-01-22,615.15,2024-01-29,613.21,2024-02-19,,ASELS_2024-01-22_2024-01-22.png
2024-01-29,616.972,2024-01-29,613.21,2024-02-05,633.8,2024-02-26,553,ASELS_2024-01-29_2024-01-29.png
2024-02-05,633.8,2024-02-05,633.8,2024-02-12,628.78,2024-03-04,570.93,ASELS_2024-02-05_2024-02-05.png
2024-02-12,628.78,2024-02-12,628.78,2024-02-19,,2024-03-11,551.6,ASELS_2024-02-12_2024-02-12.png
2024-02-26,553,2024-02-26,553,2024-03-04,570.93,2024-03-25,500.01,ASELS_2024-02-26_2024-02-26.png
2024-03-04,570.93,2024-03-04,570.93,2024-03-11,551.6,2024-04-01,507.52,ASELS_2024-03-04_2024-03-04.png
2024-03-11,551.6,2024-03-11,551.6,2024-03-18,494,2024-04-08,484.01,ASELS_2024-03-11_2024-03-11.png
2024-03-18,493.9,2024-03-18,494,2024-03-25,500.01,2024-04-15,472,ASELS_2024-03-18_2024-03-18.png
2024-03-25,500.01,2024-03-25,500.01,2024-04-01,507.52,2024-04-22,468.12,ASELS_2024-03-25_2024-03-25.png
2024-04-01,507.52,2024-04-01,507.52,2024-04-08,484.01,2024-04-29,478.19,ASELS_2024-04-01_2024-04-01.png
2024-04-08,484.01,2024-04-08,484.01,2024-04-15,472,2024-05-06,488.5,ASELS_2024-04-08_2024-04-08.png
2024-04-15,472,2024-04-15,472,2024-04-22,468.12,2024-05-13,483.68,ASELS_2024-04-15_2024-04-15.png
2024-04-22,468.12,2024-04-22,468.12,2024-04-29,478.19,2024-05-20,490.2,ASELS_2024-04-22_2024-04-22.png
2024-04-29,478.19,2024-04-29,478.19,2024-05-06,488.5,2024-05-27,,ASELS_2024-04-29_2024-04-29.png
2024-05-06,488.5,2024-05-06,488.5,2024-05-13,483.68,2024-06-03,446.26,ASELS_2024-05-06_2024-05-06.png
2024-05-13,483.68,2024-05-13,483.68,2024-05-20,490.2,2024-06-10,464.75,ASELS_2024-05-13_2024-05-13.png
2024-05-20,490.2,2024-05-20,490.2,2024-05-27,,2024-06-17,527.1,ASELS_2024-05-20_2024-05-20.png
2024-06-03,446.44,2024-06-03,446.26,2024-06-10,464.75,2024-07-01,555,ASELS_2024-06-03_2024-06-03.png
2024-06-10,464.76,2024-06-10,464.75,2024-06-17,527.1,2024-07-08,579,ASELS_2024-06-10_2024-06-10.png
2024-06-17,527.27,2024-06-17,527.1,2024-06-24,531.01,2024-07-15,559.25,ASELS_2024-06-17_2024-06-17.png
2024-06-24,534.01,2024-06-24,531.01,2024-07-01,555,2024-07-22,554.01,ASELS_2024-06-24_2024-06-24.png
2024-07-01,555,2024-07-01,555,2024-07-08,579,2024-07-29,544.91,ASELS_2024-07-01_2024-07-01.png
2024-07-08,579,2024-07-08,579,2024-07-15,559.25,2024-08-05,510,ASELS_2024-07-08_2024-07-08.png
2024-07-15,559.5,2024-07-15,559.25,2024-07-22,554.01,2024-08-12,537.17,ASELS_2024-07-15_2024-07-15.png
2024-07-22,554.01,2024-07-22,554.01,2024-07-29,544.91,2024-08-19,552,ASELS_2024-07-22_2024-07-22.png
2024-07-29,544.91,2024-07-29,544.91,2024-08-05,510,2024-08-26,556.87,ASELS_2024-07-29_2024-07-29.png
2024-08-05,510,2024-08-05,510,2024-08-12,537.17,2024-09-02,,ASELS_2024-08-05_2024-08-05.png
2024-08-12,537.17,2024-08-12,537.17,2024-08-19,552,2024-09-09,571.97,ASELS_2024-08-12_2024-08-12.png
2024-08-19,552,2024-08-19,552,2024-08-26,556.87,2024-09-16,536.9,ASELS_2024-08-19_2024-08-19.png
2024-08-26,556.87,2024-08-26,556.87,2024-09-02,,2024-09-23,522.4,ASELS_2024-08-26_2024-08-26.png
2024-09-09,571.97,2024-09-09,571.97,2024-09-16,536.9,2024-10-07,505.37,ASELS_2024-09-09_2024-09-09.png
2024-09-16,536.9,2024-09-16,536.9,2024-09-23,522.4,2024-10-14,497.52,ASELS_2024-09-16_2024-09-16.png
2024-09-23,522.4,2024-09-23,522.4,2024-09-30,514.72,2024-10-21,494.91,ASELS_2024-09-23_2024-09-23.png
2024-09-30,514.72,2024-09-30,514.72,2024-10-07,505.37,2024-10-28,487.81,ASELS_2024-09-30_2024-09-30.png
2024-10-07,505.37,2024-10-07,505.37,2024-10-14,497.52,2024-11-04,482.97,ASELS_2024-10-07_2024-10-07.png
2024-10-14,497.52,2024-10-14,497.52,2024-10-21,494.91,2024-11-11,496,ASELS_2024-10-14_2024-10-14.png
2024-10-21,494.91,2024-10-21,494.91,2024-10-28,487.81,2024-11-18,506.67,ASELS_2024-10-21_2024-10-21.png
2024-10-28,487.81,2024-10-28,487.81,2024-11-04,482.97,2024-11-25,515,ASELS_2024-10-28_2024-10-28.png
2024-11-04,482.97,2024-11-04,482.97,2024-11-11,496,2024-12-02,515.94,ASELS_2024-11-04_2024-11-04.png
2024-11-11,496,2024-11-11,496,2024-11-18,506.67,2024-12-09,555.14,ASELS_2024-11-11_2024-11-11.png
2024-11-18,506.67,2024-11-18,506.67,2024-11-25,515,2024-12-16,464.41,ASELS_2024-11-18_2024-11-18.png
2024-11-25,515,2024-11-25,515,2024-12-02,515.94,2024-12-23,451.15,ASELS_2024-11-25_2024-11-25.png
2024-12-02,515.94,2024-12-02,515.94,2024-12-09,555.14,2024-12-30,445,ASELS_2024-12-02_2024-12-02.png
2024-12-09,557.4,2024-12-09,555.14,2024-12-16,464.41,2025-01-06,432.08,ASELS_2024-12-09_2024-12-09.png
2024-12-16,464.41,2024-12-16,464.41,2024-12-23,451.15,2025-01-13,403.28,ASELS_2024-12-16_2024-12-16.png
2024-12-23,450.98,2024-12-23,451.15,2024-12-30,445,2025-01-20,,ASELS_2024-12-23_2024-12-23.png
2024-12-30,445,2024-12-30,445,2025-01-06,432.08,2025-01-27,424.75,ASELS_2024-12-30_2024-12-30.png
2025-01-06,430.9,2025-01-06,432.08,2025-01-13,403.28,2025-02-03,430.01,ASELS_2025-01-06_2025-01-06.png
2025-01-13,405,2025-01-13,403.28,2025-01-20,,2025-02-10,438,ASELS_2025-01-13_2025-01-13.png
2025-01-27,424.75,2025-01-27,424.75,2025-02-03,430.01,2025-02-24,446.9,ASELS_2025-01-27_2025-01-27.png
2025-02-03,430.01,2025-02-03,430.01,2025-02-10,438,2025-03-03,437.99,ASELS_2025-02-03_2025-02-03.png
2025-02-10,436.98,2025-02-10,438,2025-02-17,,2025-03-10,446.12,ASELS_2025-02-10_2025-02-10.png
2025-02-24,446.9,2025-02-24,446.9,2025-03-03,437.99,2025-03-24,390.94,ASELS_2025-02-24_2025-02-24.png
2025-03-03,437.99,2025-03-03,437.99,2025-03-10,446.12,2025-03-31,382.68,ASELS_2025-03-03_2025-03-03.png
2025-03-10,446.12,2025-03-10,446.12,2025-03-17,392.79,2025-04-07,,ASELS_2025-03-10_2025-03-10.png
2025-03-17,392.78,2025-03-17,392.79,2025-03-24,390.94,2025-04-14,,ASELS_2025-03-17_2025-03-17.png
2025-03-24,390.84,2025-03-24,390.94,2025-03-31,382.68,2025-04-21,,ASELS_2025-03-24_2025-03-24.png
2025-03-31,382.68,2025-03-31,382.68,2025-04-07,,2025-04-28,,ASELS_2025-03-31_2025-03-31.png