datetime,open,high,low,close,volume,date
2023-09-11 16:30:00,179.85,180.015,179.67,179.67,6128,2023-09-11
2023-09-11 16:35:00,179.98,180.01,179.73,179.86,3622,2023-09-11
2023-09-11 16:40:00,179.785,179.785,179.7,179.7,930,2023-09-11
2023-09-11 16:45:00,179.73,179.91,179.6164,179.79,3094,2023-09-11
2023-09-11 16:50:00,179.84,179.84,179.295,179.295,5282,2023-09-11
2023-09-11 16:55:00,179.12,179.12,178.74,178.84,2267,2023-09-11
2023-09-11 17:00:00,178.5,178.7,178.465,178.54,1918,2023-09-11
2023-09-11 17:05:00,178.37,178.4,178.31,178.4,2484,2023-09-11
2023-09-11 17:10:00,178.51,179.03,178.51,179.03,4196,2023-09-11
2023-09-11 17:15:00,179.16,179.16,178.75,178.78,3043,2023-09-11
2023-09-11 17:20:00,179.25,179.29,179.25,179.29,635,2023-09-11
2023-09-11 17:25:00,179.32,179.32,179.09,179.09,2650,2023-09-11
2023-09-11 17:30:00,179.34,179.5,179.3,179.3,1996,2023-09-11
2023-09-11 17:35:00,179.1,179.1,178.99,178.99,2219,2023-09-11
2023-09-11 17:40:00,178.95,179,178.89,178.9,4071,2023-09-11
2023-09-11 17:45:00,179,179.105,178.98,178.98,3127,2023-09-11
2023-09-11 17:50:00,178.81,178.97,178.685,178.695,5217,2023-09-11
2023-09-11 17:55:00,178.63,178.73,178.63,178.66,1550,2023-09-11
2023-09-11 18:00:00,178.61,178.61,178.29,178.32,2110,2023-09-11
2023-09-11 18:05:00,178.39,178.44,178.12,178.3,6951,2023-09-11
2023-09-11 18:10:00,178.45,178.45,178.3425,178.345,803,2023-09-11
2023-09-11 18:15:00,178.25,178.25,178.17,178.225,1736,2023-09-11
2023-09-11 18:20:00,178.115,178.285,178.115,178.28,1550,2023-09-11
2023-09-11 18:25:00,178.22,178.51,178.2,178.51,1481,2023-09-11
2023-09-11 18:30:00,178.26,178.27,178.18,178.18,2877,2023-09-11
2023-09-11 18:35:00,178.25,178.56,178.11,178.46,2636,2023-09-11
2023-09-11 18:40:00,178.57,178.81,178.56,178.81,2857,2023-09-11
2023-09-11 18:45:00,178.7,178.81,178.7,178.79,5044,2023-09-11
2023-09-11 18:50:00,178.935,179.11,178.85,179.11,3438,2023-09-11
2023-09-11 18:55:00,179,179,179,179,123,2023-09-11
2023-09-11 19:00:00,179.01,179.08,178.87,178.98,2063,2023-09-11
2023-09-11 19:05:00,178.95,179.22,178.905,179.17,2944,2023-09-11
2023-09-11 19:10:00,179.26,179.32,179.18,179.215,1902,2023-09-11
2023-09-11 19:15:00,179.4,179.53,179.35,179.45,1284,2023-09-11
2023-09-11 19:20:00,179.455,179.455,179.16,179.3,2322,2023-09-11
2023-09-11 19:25:00,179.22,179.62,179.22,179.61,1825,2023-09-11
2023-09-11 19:30:00,179.46,179.46,179.46,179.46,305,2023-09-11
2023-09-11 19:35:00,179.37,179.5099,179.285,179.5099,1500,2023-09-11
2023-09-11 19:40:00,179.54,179.565,179.465,179.515,1040,2023-09-11
2023-09-11 19:45:00,179.53,179.6118,179.53,179.58,924,2023-09-11
2023-09-11 19:50:00,179.58,179.67,179.45,179.45,1702,2023-09-11
2023-09-11 19:55:00,179.53,179.58,179.39,179.58,894,2023-09-11
2023-09-11 20:05:00,179.58,179.64,179.48,179.55,1640,2023-09-11
2023-09-11 20:10:00,179.7,179.78,179.7,179.78,876,2023-09-11
2023-09-11 20:15:00,179.89,179.92,179.79,179.89,3128,2023-09-11
2023-09-11 20:20:00,179.89,179.91,179.87,179.87,812,2023-09-11
2023-09-11 20:25:00,179.87,179.97,179.87,179.91,1195,2023-09-11
2023-09-11 20:30:00,179.96,180.1,179.78,179.88,6899,2023-09-11
2023-09-11 20:35:00,179.74,179.9,179.54,179.89,4497,2023-09-11
2023-09-11 20:40:00,179.805,179.9,179.725,179.725,1457,2023-09-11
2023-09-11 20:45:00,179.64,179.71,179.53,179.555,3982,2023-09-11
2023-09-11 20:50:00,179.5489,179.55,179.48,179.5,2451,2023-09-11
2023-09-11 20:55:00,179.46,179.47,179.265,179.265,1228,2023-09-11
2023-09-11 21:00:00,179.26,179.35,179.26,179.35,966,2023-09-11
2023-09-11 21:05:00,179.38,179.4,179.31,179.35,1600,2023-09-11
2023-09-11 21:10:00,179.35,179.35,179.28,179.28,844,2023-09-11
2023-09-11 21:15:00,179.205,179.295,179.205,179.25,798,2023-09-11
2023-09-11 21:20:00,179.23,179.33,179.19,179.33,1469,2023-09-11
2023-09-11 21:25:00,179.22,179.34,179.18,179.34,1089,2023-09-11
2023-09-11 21:30:00,179.24,179.405,179.24,179.405,2791,2023-09-11
2023-09-11 21:35:00,179.38,179.41,179.32,179.37,4801,2023-09-11
2023-09-11 21:40:00,179.29,179.345,179.25,179.3,1674,2023-09-11
2023-09-11 21:45:00,179.27,179.34,179.14,179.34,1679,2023-09-11
2023-09-11 21:50:00,179.38,179.46,179.34,179.34,1461,2023-09-11
2023-09-11 21:55:00,179.3,179.31,179.3,179.31,500,2023-09-11
2023-09-11 22:00:00,179.38,179.5,179.31,179.5,3177,2023-09-11
2023-09-11 22:05:00,179.44,179.555,179.36,179.52,4658,2023-09-11
2023-09-11 22:10:00,179.6,179.6,179.46,179.54,1631,2023-09-11
2023-09-11 22:15:00,179.46,179.46,179.3,179.37,4989,2023-09-11
2023-09-11 22:20:00,179.45,179.51,179.44,179.44,3636,2023-09-11
2023-09-11 22:25:00,179.53,179.55,179.45,179.45,3077,2023-09-11
2023-09-11 22:30:00,179.48,179.495,179.41,179.45,2394,2023-09-11
2023-09-11 22:35:00,179.3815,179.4,179.19,179.26,4390,2023-09-11
2023-09-11 22:40:00,179.18,179.39,179.18,179.3,6600,2023-09-11
2023-09-11 22:45:00,179.34,179.415,179.27,179.415,6140,2023-09-11
2023-09-11 22:50:00,179.455,179.53,179.25,179.36,11547,2023-09-11
2023-09-11 22:55:00,179.44,179.55,179.2,179.44,46011,2023-09-11
2023-09-11 23:00:00,179.53,179.53,179.53,179.53,11959,2023-09-11
