mondayDate,openMonday,fridayDate,closeFriday,screenshot
2023-09-11,562.25,2023-09-15,529.89,ADBE_2023-09-11_2023-09-15.png
2023-09-18,531.21,2023-09-22,517.175,ADBE_2023-09-18_2023-09-22.png
2023-09-25,513.6,2023-09-29,510.65,ADBE_2023-09-25_2023-09-29.png
2023-10-02,514.5,2023-10-06,525.65,ADBE_2023-10-02_2023-10-06.png
2023-10-09,522.59,2023-10-13,552.49,ADBE_2023-10-09_2023-10-13.png
2023-10-16,547,2023-10-20,544.1,ADBE_2023-10-16_2023-10-20.png
2023-10-23,536.88,2023-10-27,510.8787,ADBE_2023-10-23_2023-10-27.png
2023-10-30,513.5,2023-11-03,564.57,ADBE_2023-10-30_2023-11-03.png
2023-11-06,562.251,2023-11-10,587.93,ADBE_2023-11-06_2023-11-10.png
2023-11-13,594.02,2023-11-17,603.4,ADBE_2023-11-13_2023-11-17.png
2023-11-20,604.19,2023-11-24,618.295,ADBE_2023-11-20_2023-11-24.png
2023-11-27,618,2023-12-01,606.78,ADBE_2023-11-27_2023-12-01.png
2023-12-04,612.47,2023-12-08,602.49,ADBE_2023-12-04_2023-12-08.png
2023-12-11,612.55,2023-12-15,584.46,ADBE_2023-12-11_2023-12-15.png
2023-12-18,584.68,2023-12-22,597.11,ADBE_2023-12-18_2023-12-22.png
2024-01-08,564.6,2024-01-12,593.96,ADBE_2024-01-08_2024-01-12.png
2024-01-22,615.15,2024-01-26,619.55,ADBE_2024-01-22_2024-01-26.png
2024-01-29,616.972,2024-02-02,636.23,ADBE_2024-01-29_2024-02-02.png
2024-02-05,633.8,2024-02-09,621.76,ADBE_2024-02-05_2024-02-09.png
2024-02-12,626.85,2024-02-16,561.0069,ADBE_2024-02-12_2024-02-16.png
2024-02-26,552.49,2024-03-01,566.65,ADBE_2024-02-26_2024-03-01.png
2024-03-04,570.93,2024-03-08,554.4,ADBE_2024-03-04_2024-03-08.png
2024-03-11,551.85,2024-03-15,489.045,ADBE_2024-03-11_2024-03-15.png
2024-03-18,494,2024-03-22,500.24,ADBE_2024-03-18_2024-03-22.png
2024-04-01,507.52,2024-04-05,487.2899,ADBE_2024-04-01_2024-04-05.png
2024-04-08,483.8045,2024-04-12,469.4,ADBE_2024-04-08_2024-04-12.png
2024-04-15,472,2024-04-19,467.1278,ADBE_2024-04-15_2024-04-19.png
2024-04-22,468.12,2024-04-26,479.105,ADBE_2024-04-22_2024-04-26.png
2024-04-29,478.19,2024-05-03,484.98,ADBE_2024-04-29_2024-05-03.png
2024-05-06,488.5,2024-05-10,483.77,ADBE_2024-05-06_2024-05-10.png
2024-05-13,486.24,2024-05-17,482.655,ADBE_2024-05-13_2024-05-17.png
2024-05-20,490.2,2024-05-24,481.41,ADBE_2024-05-20_2024-05-24.png
2024-06-03,443.649,2024-06-07,467.75,ADBE_2024-06-03_2024-06-07.png
2024-06-10,463.71,2024-06-14,525.2403,ADBE_2024-06-10_2024-06-14.png
2024-06-24,534.01,2024-06-28,552.59,ADBE_2024-06-24_2024-06-28.png
2024-07-08,579,2024-07-12,557.93,ADBE_2024-07-08_2024-07-12.png
2024-07-15,559.5,2024-07-19,552.075,ADBE_2024-07-15_2024-07-19.png
2024-07-22,551.56,2024-07-26,545,ADBE_2024-07-22_2024-07-26.png
2024-07-29,544.91,2024-08-02,520.4399,ADBE_2024-07-29_2024-08-02.png
2024-08-05,510,2024-08-09,533.83,ADBE_2024-08-05_2024-08-09.png
2024-08-12,536.04,2024-08-16,552.93,ADBE_2024-08-12_2024-08-16.png
2024-08-19,552,2024-08-23,556,ADBE_2024-08-19_2024-08-23.png
2024-08-26,556.87,2024-08-30,574.35,ADBE_2024-08-26_2024-08-30.png
2024-09-09,571.8624,2024-09-13,533.3,ADBE_2024-09-09_2024-09-13.png
2024-09-16,537.8547,2024-09-20,520.44,ADBE_2024-09-16_2024-09-20.png
2024-09-23,522.4,2024-09-27,515.2199,ADBE_2024-09-23_2024-09-27.png
2024-09-30,513.83,2024-10-04,506.96,ADBE_2024-09-30_2024-10-04.png
2024-10-07,503.96,2024-10-11,497.21,ADBE_2024-10-07_2024-10-11.png
2024-10-14,497.52,2024-10-18,497.735,ADBE_2024-10-14_2024-10-18.png
2024-10-21,493,2024-10-25,485.1,ADBE_2024-10-21_2024-10-25.png
2024-10-28,486,2024-11-01,483.3,ADBE_2024-10-28_2024-11-01.png
2024-11-04,482.49,2024-11-08,496.0531,ADBE_2024-11-04_2024-11-08.png
2024-11-11,495.45,2024-11-15,500.89,ADBE_2024-11-11_2024-11-15.png
2024-11-18,506.67,2024-11-22,511.88,ADBE_2024-11-18_2024-11-22.png
2024-11-25,514.81,2024-11-29,516.66,ADBE_2024-11-25_2024-11-29.png
2024-12-02,515.94,2024-12-06,552.4,ADBE_2024-12-02_2024-12-06.png
2024-12-09,557.4,2024-12-13,461.64,ADBE_2024-12-09_2024-12-13.png
2024-12-16,464.58,2024-12-20,448.45,ADBE_2024-12-16_2024-12-20.png
2024-12-30,445.87,2025-01-03,429.31,ADBE_2024-12-30_2025-01-03.png
2025-01-06,430.9,2025-01-10,405.7,ADBE_2025-01-06_2025-01-10.png
2025-01-13,405,2025-01-17,427.82,ADBE_2025-01-13_2025-01-17.png
2025-01-27,424.75,2025-01-31,438.99,ADBE_2025-01-27_2025-01-31.png
2025-02-03,430.4,2025-02-07,435.07,ADBE_2025-02-03_2025-02-07.png
2025-02-10,436.98,2025-02-14,459.895,ADBE_2025-02-10_2025-02-14.png
2025-02-24,447.38,2025-02-28,435.42,ADBE_2025-02-24_2025-02-28.png
2025-03-03,437.99,2025-03-07,442.805,ADBE_2025-03-03_2025-03-07.png
2025-03-10,446.12,2025-03-14,393.68,ADBE_2025-03-10_2025-03-14.png
2025-03-17,392.78,2025-03-21,388.72,ADBE_2025-03-17_2025-03-21.png
2025-03-24,390.84,2025-03-28,387.225,ADBE_2025-03-24_2025-03-28.png
2025-03-31,382.68,2025-04-04,355.195,ADBE_2025-03-31_2025-04-04.png